Business,Page/Section,Key Content Elements
Snowbird Arizona Home Watch,Home,"Hero section with service overview, 45-point inspection callout"
Snowbird Arizona Home Watch,Services,"Detailed service descriptions, handyman services, trade referrals"
Snowbird Arizona Home Watch,Rates,"Clear pricing: $50/month (1x) or $80/month (2x), home size disclaimer"
Snowbird Arizona Home Watch,About,"Family-run business story, 9 years experience, character emphasis"
Snowbird Arizona Home Watch,Contact,"Email, phone, service area list"
Azure Skies Home Watch,Home,"NHWA accreditation badge, home watch definition, trust/confidentiality messaging"
Azure Skies Home Watch,Services,"Home watch inspections, concierge services, vacation rental assistance"
Azure Skies Home Watch,About Us,"Owner bio (Ross Huebner), relationship-building focus"
Azure Skies Home Watch,Service Areas,"Detailed community lists (Scottsdale, Fountain Hills, Rio Verde)"
Azure Skies Home Watch,Our Accreditation,Explanation of NHWA certification value and vetting process
Azure Skies Home Watch,What Drives Us,"Expertise, attention to detail, opportunity & growth sections"
Azure Skies Home Watch,Our Values,"Respect, honesty, trust pillars explained"
Scottsdale Home Watch,Home,"Professional branding, safety/security/professional tagline"
Scottsdale Home Watch,Services,"Executive-focused positioning, detail-oriented approach"
Scottsdale Home Watch,About,"Licensing, bonding, insurance, background checks, drug testing"
Scottsdale Home Watch,Contact,"Office address, phone number"
Concierge Home Services,Home,"Trust messaging, personalized service emphasis"
Concierge Home Services,Services,"Bi-monthly, weekly, or customized plans, detailed reports"
Concierge Home Services,Service Areas,Interactive map with cities served
Concierge Home Services,About (Owner profile),Owner Carrie Grant profile and mission statement
Concierge Home Services,Client Reviews,Client testimonials with names
Luxury Home Concierge,Home,"One-stop solution messaging, no contracts emphasis"
Luxury Home Concierge,Why Choose Us,"Discretion, precision, personalized checklist, same-day updates"
Luxury Home Concierge,Stories of Trust (Testimonials),Multiple client testimonials with quotes
Luxury Home Concierge,Contact,"Phone, email, fax, address, business hours"
